Name,Developability Index (Fv)
12e8_HL_clean,37.770218
15c8_HL_clean,41.746149
1a0q_HL_clean,33.594563
1a14_HL_clean,38.3468190000001
1a2y_BA_clean,41.994771
1a3l_HL_clean,61.4376099999999
1a3r_HL_clean,39.996412
1a4j_HL_clean,55.346515
1a4k_HL_clean,50.2037600000001
1a5f_HL_clean,34.716066
1a6t_BA_clean,34.55015
1a6u_HL_clean,52.0479010000001
1a6v_IM_clean,47.701587
1a6w_HL_clean,51.920454
1a7n_HL_clean,38.2677509999999
1a7o_HL_clean,38.247047
1a7p_HL_clean,37.7017
1a7q_HL_clean,47.1497629999999
1a7r_HL_clean,38.632383
1ad0_BA_clean,37.86672
1ad9_BA_clean,42.163557
1ai1_HL_clean,45.211995
1aif_HL_clean,55.954943
1aj7_HL_clean,33.403717
1ap2_DC_clean,44.360977
1aqk_HL_clean,58.8685759999999
1ar1_CD_clean,41.1448460000001
1axs_BA_clean,41.998012
1axt_HL_clean,47.8087429999999
1ay1_HL_clean,57.308374
1b2w_HL_clean,47.427583
1b4j_HL_clean,60.433646
1baf_HL_clean,48.3998129999999
1bbd_HL_clean,35.486223
1bfo_HG_clean,32.345027
1bfv_HL_clean,63.467308
1bgx_HL_clean,63.68498
1bj1_HL_clean,37.301105
1bln_BA_clean,41.750032
1bm3_HL_clean,32.2476280000001
1bog_BA_clean,46.286856
1bql_HL_clean,43.655692
1bvk_BA_clean,42.9226379999999
1bvl_AB_clean,44.546399
1bz7_BA_clean,33.773884
1c08_BA_clean,41.204558
1c12_BA_clean,40.386234
1c1e_HL_clean,64.0623479999999
1c5b_HL_clean,35.633522
1c5c_HL_clean,38.075402
1c5d_HL_clean,56.9411319999999
1cbv_HL_clean,53.342819
1ce1_HL_clean,17.736439
1cf8_HL_clean,49.223934
1cfn_BA_clean,49.210126
1cfq_BA_clean,52.0286209999999
1cfs_BA_clean,50.990751
1cft_BA_clean,48.9528199999999
1cfv_HL_clean,63.056585
1cgs_HL_clean,44.86906
1cic_DC_clean,26.1529
1ck0_HL_clean,27.684002
1clo_HL_clean,32.842555
1cly_HL_clean,55.3188440000001
1clz_HL_clean,53.2632120000001
1cr9_HL_clean,42.403954
1ct8_DC_clean,39.4170770000001
1cu4_HL_clean,42.5770960000001
1cz8_YX_clean,45.316717
1d5b_HL_clean,32.493437
1d5i_HL_clean,40.42516
1d6v_HL_clean,42.211287
1dba_HL_clean,67.7492710000001
1dbb_HL_clean,68.5788960000001
1dbj_HL_clean,68.895854
1dbm_HL_clean,69.9199750000001
1dee_BA_clean,41.3739590000001
1dfb_HL_clean,39.1731959999999
1dl7_HL_clean,50.282046
1dlf_HL_clean,54.511146
1dn0_BA_clean,36.697827
1dqd_HL_clean,49.5416409999999
1dqj_BA_clean,32.842028
1dql_HL_clean,44.29043
1dqq_BA_clean,34.373783
1dsf_HL_clean,72.5027509999999
1dvf_BA_clean,39.037419
1dzb_AA_clean,41.273149
1e4w_HL_clean,42.14349
1e4x_HL_clean,39.676901
1e6o_HL_clean,45.6758079999999
1eap_BA_clean,45.244543
1egj_HL_clean,37.572039
1ehl_HL_clean,50.433561
1ejo_HL_clean,47.031442
1emt_HL_clean,36.434238
1eo8_HL_clean,41.332896
1etz_BA_clean,57.192516
1ezv_XY_clean,50.464843
1f3d_HL_clean,46.9573229999999
1f4w_HL_clean,51.2328699999999
1f4x_HL_clean,49.342598
1f4y_HL_clean,50.6202169999999
1f58_HL_clean,47.377908
1f8t_HL_clean,50.865864
1f90_HL_clean,47.523119
1fai_HL_clean,37.0853660000001
1fdl_HL_clean,29.3334769999999
1fe8_HL_clean,31.4360029999999
1fgn_HL_clean,32.752364
1fgv_HL_clean,49.418085
1fh5_HL_clean,39.376516
1fj1_BA_clean,34.470128
1fl3_AB_clean,57.200448
1fl5_HL_clean,39.842694
1fl6_BA_clean,37.9888809999999
1flr_HL_clean,53.622561
1fn4_DC_clean,59.092916
1fns_HL_clean,38.052934
1for_HL_clean,39.22251
1frg_HL_clean,42.747071
1fsk_IH_clean,40.596935
1fvc_DC_clean,44.281438
1fvd_BA_clean,31.227581
1fve_DC_clean,33.037721
1g7h_BA_clean,38.2165239999999
1g7i_BA_clean,41.153622
1g7j_BA_clean,39.615826
1g7l_BA_clean,39.015399
1g7m_BA_clean,39.58358
1g9m_HL_clean,34.94918
1g9n_HL_clean,35.339618
1gaf_HL_clean,34.386146
1gc1_HL_clean,38.458169
1ggb_HL_clean,38.363339
1ggc_HL_clean,38.884796
1ggi_HL_clean,35.03978
1ghf_HL_clean,40.427664
1gig_HL_clean,63.636811
1gpo_IM_clean,30.735405
1h0d_BA_clean,49.465854
1h3p_HL_clean,39.843304
1h8n_AA_clean,49.292672
1h8o_BB_clean,59.46579
1h8s_BB_clean,58.160848
1hez_DC_clean,40.455616
1hh6_BA_clean,51.020007
1hh9_BA_clean,47.831225
1hi6_BA_clean,51.3533320000001
1hil_BA_clean,36.035363
1him_LH_clean,39.8268
1hkl_HL_clean,31.74352
1hq4_DC_clean,44.1606209999999
1hzh_KM_clean,18.991465
1i3g_HL_clean,50.965864
1i7z_BA_clean,43.299286
1i8i_BA_clean,48.1078079999999
1i8k_BA_clean,46.0437150000001
1i8m_BA_clean,38.860416
1i9i_HL_clean,52.9454660000001
1i9j_HL_clean,50.913861
1iai_HL_clean,38.619571
1ibg_HL_clean,51.801252
1ic4_HL_clean,42.335459
1ic5_HL_clean,43.504487
1ic7_HL_clean,43.879561
1ifh_HL_clean,40.997903
1igc_HL_clean,36.127828
1igf_JM_clean,48.4685869999999
1igi_HL_clean,51.08272
1igj_DC_clean,54.129207
1igm_HL_clean,51.390229
1igt_DC_clean,26.048445
1ikf_HL_clean,46.428509
1il1_AB_clean,37.085104
1ind_HL_clean,48.605053
1ine_HL_clean,49.275774
1iqd_BA_clean,34.3122369999999
1iqw_HL_clean,34.59984
1it9_HL_clean,36.089289
1j05_HL_clean,60.744547
1j1o_HL_clean,42.923245
1j1p_HL_clean,43.084379
1j1x_HL_clean,43.211133
1jfq_HL_clean,37.544424
1jgl_HL_clean,39.499877
1jgu_HL_clean,55.330262
1jgv_HL_clean,54.751993
1jhk_HL_clean,39.704096
1jhl_HL_clean,45.966182
1jn6_BA_clean,44.9786299999999
1jnh_HG_clean,46.575125
1jp5_AA_clean,56.5061539999999
1jps_HL_clean,34.291583
1jpt_HL_clean,34.295029
1jrh_HL_clean,41.437935
1jv5_BA_clean,49.280481
1k4c_AB_clean,42.30283
1k4d_AB_clean,43.9836959999999
1k6q_HL_clean,37.419668
1kb5_HL_clean,31.57018
1kb9_JK_clean,51.1528470000001
1kc5_HL_clean,42.7331510000001
1kcr_HL_clean,30.581593
1kcs_HL_clean,30.533888
1kcu_HL_clean,43.047917
1kcv_HL_clean,31.122977
1keg_HL_clean,50.997349
1kel_HL_clean,44.299041
1kem_HL_clean,43.915908
1kfa_IM_clean,45.229824
1kip_BA_clean,37.094448
1kiq_BA_clean,38.861797
1kir_BA_clean,35.9014730000001
1kn2_HL_clean,61.303225
1kn4_HL_clean,61.18595
1ktr_LL_clean,46.413942
1kyo_JK_clean,49.091221
1l7i_HL_clean,46.189464
1l7t_HL_clean,62.1034440000001
1lk3_IM_clean,43.150672
1lmk_AA_clean,91.0508369999999
1lo0_HL_clean,78.235419
1lo2_YX_clean,77.948277
1lo3_HL_clean,78.1305599999999
1lo4_HL_clean,57.683861
1m71_BA_clean,45.305362
1mam_HL_clean,35.837581
1mcp_HL_clean,40.826189
1mex_HL_clean,34.867036
1mf2_NM_clean,39.705445
1mfa_HL_clean,54.1025379999999
1mfb_HL_clean,40.3881160000001
1mfc_HL_clean,40.413829
1mfd_HL_clean,40.627385
1mfe_HL_clean,42.137776
1mh5_HL_clean,44.2765489999999
1mhp_HL_clean,29.948249
1mie_HL_clean,39.729306
1mim_HL_clean,32.498705
1mj7_HL_clean,39.60866
1mj8_HL_clean,60.052456
1mjj_HL_clean,49.5760580000001
1mju_HL_clean,51.5342100000001
1mlb_BA_clean,29.358618
1mlc_BA_clean,29.976976
1mnu_HL_clean,47.796053
1moe_BB_clean,78.382527
1mpa_HL_clean,42.3524610000001
1mqk_HL_clean,41.980494
1mrc_HL_clean,43.461987
1mrd_HL_clean,44.52028
1mre_HL_clean,38.433061
1mrf_HL_clean,40.491011
1mvu_BA_clean,48.055178
1n0x_KM_clean,26.311366
1n4x_HL_clean,57.652398
1n64_HL_clean,38.4581370000001
1n7m_LH_clean,35.990803
1n8z_BA_clean,33.4780180000001
1nak_HL_clean,34.817727
1nbv_HL_clean,55.333954
1nby_BA_clean,33.102704
1nc2_BA_clean,56.380281
1nc4_DC_clean,60.552274
1nca_HL_clean,41.968668
1ncb_HL_clean,41.5152309999999
1ncc_HL_clean,40.626487
1ncd_HL_clean,41.835932
1ncw_HL_clean,49.030162
1nd0_BA_clean,47.958919
1ndg_BA_clean,45.498154
1ndm_BA_clean,31.507847
1nfd_HG_clean,50.6750400000001
1ngp_HL_clean,41.3008789999999
1ngq_HL_clean,43.946174
1ngw_BA_clean,30.6046520000001
1ngx_BA_clean,29.4295570000001
1ngy_BA_clean,28.766142
1ngz_BA_clean,31.26201
1nj9_BA_clean,49.1666609999999
1nl0_HL_clean,43.0042729999999
1nlb_HL_clean,44.3542219999999
1nld_HL_clean,46.2957849999999
1nmb_HL_clean,35.325545
1nmc_HL_clean,35.132567
1nqb_CC_clean,79.471584
1nsn_HL_clean,38.585685
1oak_HL_clean,37.398374
1oaq_HL_clean,53.679658
1oar_JN_clean,52.681654
1oau_HL_clean,51.8916869999999
1oax_JN_clean,53.856732
1oay_JN_clean,50.288797
1oaz_HL_clean,50.05763
1ob1_BA_clean,45.721413
1ocw_HL_clean,56.3553580000001
1om3_HL_clean,62.9347119999999
1op3_MK_clean,59.5015250000001
1opg_HL_clean,38.9384589999999
1ors_BA_clean,41.371325
1osp_HL_clean,44.226242
1ots_EF_clean,68.0396479999999
1p2c_BA_clean,30.896792
1p4b_HL_clean,58.548441
1p4i_HL_clean,47.7664899999999
1p7k_BA_clean,41.2193730000001
1p84_JK_clean,50.6079879999999
1pg7_IM_clean,44.149555
1plg_HL_clean,36.532317
1psk_HL_clean,23.602822
1pz5_BA_clean,42.594922
1q0x_HL_clean,54.1213210000001
1q0y_HL_clean,50.952285
1q1j_IM_clean,65.060513
1q72_HL_clean,45.479329
1q9k_BA_clean,28.057276
1q9l_BA_clean,30.004342
1q9o_BA_clean,40.6321980000001
1q9w_DC_clean,37.053669
1qbl_HL_clean,31.701773
1qbm_HL_clean,31.474788
1qfu_HL_clean,40.3170459999999
1qkz_HL_clean,54.6316620000001
1qlr_DC_clean,35.318685
1qok_AA_clean,52.028054
1qyg_HL_clean,45.889807
1r0a_HL_clean,34.312111
1r3i_HL_clean,40.6725349999999
1r3j_BA_clean,40.8213309999999
1r3k_BA_clean,44.051876
1r3l_BA_clean,42.043807
1rfd_HL_clean,44.8773949999999
1rhh_DC_clean,41.5008269999999
1rih_HL_clean,43.395978
1riu_HL_clean,45.80146
1riv_HL_clean,45.302177
1rjl_BA_clean,28.418456
1rmf_HL_clean,58.1467340000001
1ru9_HL_clean,48.184649
1rua_HL_clean,48.618279
1ruk_HL_clean,49.289482
1rul_HL_clean,48.868291
1rum_HL_clean,48.131815
1rup_HL_clean,48.817209
1ruq_HL_clean,61.55826
1rur_HL_clean,58.779178
1rz7_HL_clean,37.105934
1rz8_BA_clean,37.730868
1rzf_HL_clean,41.585927
1rzg_CD_clean,36.965484
1rzi_HG_clean,35.35899
1rzj_HL_clean,43.043476
1rzk_HL_clean,41.440742
1s3k_HL_clean,34.555504
1s5h_BA_clean,44.537951
1s5i_HL_clean,46.5531649999999
1sbs_HL_clean,43.227212
1seq_HL_clean,50.4207399999999
1sm3_HL_clean,44.133207
1svz_BB_clean,56.4040300000001
1sy6_HL_clean,30.176984
1t2q_HL_clean,58.269153
1t3f_BA_clean,38.109242
1t4k_DC_clean,45.510037
1t66_DC_clean,45.938443
1tet_HL_clean,46.492017
1tjg_HL_clean,54.805635
1tjh_HL_clean,52.752202
1tji_HL_clean,51.639584
1tpx_BC_clean,51.51669
1tqb_BC_clean,51.612599
1tqc_BC_clean,51.007515
1tzg_IM_clean,45.4296409999999
1tzh_BA_clean,50.028736
1tzi_BA_clean,52.035813
1u6a_HL_clean,37.801896
1u8h_BA_clean,64.5123529999999
1u8i_BA_clean,64.375034
1u8j_BA_clean,64.4645139999999
1u8k_BA_clean,58.552118
1u8l_BA_clean,64.1325460000001
1u8m_BA_clean,64.4594319999999
1u8n_BA_clean,64.5195630000001
1u8q_BA_clean,64.582879
1u91_BA_clean,64.4653830000001
1u92_BA_clean,64.9000950000001
1u93_BA_clean,64.4710819999999
1u95_BA_clean,64.40742
1ua6_HL_clean,47.414964
1uac_HL_clean,45.134037
1ub5_AB_clean,61.530552
1ub6_HL_clean,58.300542
1ucb_HL_clean,54.679182
1uj3_BA_clean,42.928582
1um4_HL_clean,32.571657
1um5_HL_clean,37.4314270000001
1um6_HL_clean,38.507704
1uwg_HL_clean,60.472477
1uwx_MK_clean,51.524209
1uyw_HL_clean,31.5283000000001
1uz6_WV_clean,50.028941
1uz8_HL_clean,54.836585
1v7m_IM_clean,41.1285
1vfa_BA_clean,39.873483
1vfb_BA_clean,38.5296639999999
1vge_HL_clean,20.036812
1vpo_HL_clean,59.2791769999999
1w72_IM_clean,46.120434
1wc7_BA_clean,31.729306
1wcb_BA_clean,33.359067
1wej_HL_clean,32.835624
1wt5_AC_clean,57.6148540000001
1wz1_HL_clean,58.3327389999999
1x9q_AA_clean,61.478552
1xf2_BA_clean,39.15688
1xf3_BA_clean,38.7121510000001
1xf4_BA_clean,38.918343
1xf5_DC_clean,43.645984
1xgp_BA_clean,32.417212
1xgq_BA_clean,31.999537
1xgr_BA_clean,35.09509
1xgt_BA_clean,33.293643
1xgu_BA_clean,33.228917
1xgy_HL_clean,41.4226290000001
1xiw_HG_clean,46.202228
1y0l_HL_clean,54.409252
1y18_DC_clean,58.949501
1yec_HL_clean,61.142519
1yee_HL_clean,71.453958
1yef_HL_clean,61.856481
1yeg_HL_clean,61.481645
1yeh_HL_clean,61.3427080000001
1yei_HL_clean,62.144822
1yej_HL_clean,58.3872130000002
1yek_HL_clean,63.561595
1yjd_HL_clean,43.123489
1ymh_DC_clean,45.395632
1ynk_HL_clean,53.334411
1ynl_HL_clean,50.4258649999999
1yqv_HL_clean,41.165819
1yy8_DC_clean,44.146061
1yy9_DC_clean,51.2916650000001
1yyl_HL_clean,46.816318
1yym_HL_clean,47.067152
1za6_BA_clean,33.314052
1zan_HL_clean,33.274457
1zea_HL_clean,49.7593290000001
1zls_HL_clean,60.1280439999999
1zlu_MK_clean,61.0016009999999
1zlv_MK_clean,61.52741
1zlw_MK_clean,62.6287009999999
1ztx_HL_clean,33.897815
1zwi_AB_clean,44.010025
25c8_HL_clean,44.240496
2a1w_IM_clean,49.93584
2a6d_HL_clean,36.264952
2a6i_BA_clean,33.299962
2a6j_BA_clean,33.8344709999999
2a77_HL_clean,51.976722
2a9m_HL_clean,52.65686
2aab_HL_clean,48.362274
2adf_HL_clean,36.378822
2adg_BA_clean,41.2886020000001
2adi_BA_clean,39.894884
2adj_BA_clean,41.3114590000001
2aep_HL_clean,37.998126
2agj_HL_clean,31.699765
2ai0_KO_clean,42.469582
2aj3_FE_clean,44.4195229999999
2ajs_HL_clean,33.277525
2aju_HL_clean,32.234623
2ajv_HL_clean,34.8233409999999
2ajx_HL_clean,33.698638
2ajy_HL_clean,33.9521669999999
2ajz_HL_clean,35.7453590000001
2ak1_HL_clean,35.9704150000001
2ap2_AA_clean,45.80236
2arj_HL_clean,45.95763
2atk_AB_clean,42.646177
2b0s_HL_clean,40.776595
2b1a_HL_clean,41.045464
2b1h_HL_clean,40.251222
2b2x_HL_clean,36.421531
2bdn_HL_clean,32.882371
2bfv_HL_clean,59.934373
2bjm_HL_clean,50.8419069999999
2bmk_HL_clean,33.587594
2bob_AB_clean,44.171815
2brr_HL_clean,44.861423
2c1o_BA_clean,54.03556
2c1p_BA_clean,53.347273
2cgr_HL_clean,39.876289
2ck0_HL_clean,25.614578
2cmr_HL_clean,45.843493
2d03_HL_clean,56.0682460000001
2d7t_HL_clean,43.604693
2dbl_HL_clean,66.4651009999999
2dd8_HL_clean,46.092297
2ddq_HL_clean,50.765773
2dlf_HL_clean,57.002662
2dqc_HL_clean,43.1344739999999
2dqd_HL_clean,41.362992
2dqe_HL_clean,39.807809
2dqf_ED_clean,39.061804
2dqg_HL_clean,42.3231939999999
2dqh_HL_clean,40.229671
2dqi_HL_clean,41.2293799999999
2dqj_HL_clean,42.212118
2dqt_HL_clean,54.377055
2dqu_HL_clean,56.597129
2dtm_HL_clean,46.6977289999999
2dwd_AB_clean,44.8411220000001
2dwe_AB_clean,41.235123
2e27_HL_clean,35.115675
2eh7_HL_clean,38.836088
2eh8_HL_clean,42.0104000000001
2eiz_BA_clean,54.1965670000001
2eks_BA_clean,53.977611
2f19_HL_clean,39.878756
2f58_HL_clean,42.439082
2f5a_HL_clean,53.990876
2f5b_HL_clean,60.201193
2fat_HL_clean,42.286383
2fb4_HL_clean,48.493686
2fbj_HL_clean,65.6963259999999
2fd6_HL_clean,43.084434
2fjf_IG_clean,64.477045
2fjg_HL_clean,53.907337
2fr4_HL_clean,47.6262769999999
2fx7_HL_clean,42.942486
2fx8_JN_clean,43.811757
2fx9_HL_clean,48.537722
2g2r_HL_clean,54.599302
2g5b_DC_clean,35.120692
2g60_HL_clean,63.292961
2g75_AB_clean,46.7010570000001
2gcy_BA_clean,44.0383969999999
2ghw_DD_clean,41.717791
2gjj_BB_clean,50.497567
2gjz_BA_clean,55.269709
2gk0_HL_clean,45.173069
2gki_BB_clean,66.422929
2gsg_BA_clean,47.6858059999999
2gsi_FE_clean,42.579677
2h1p_HL_clean,49.482055
2h8p_AB_clean,42.0622629999999
2h9g_HL_clean,41.908746
2hfe_AB_clean,43.120511
2hff_BA_clean,37.817137
2hfg_HL_clean,49.938738
2hg5_AB_clean,41.884684
2hh0_HL_clean,44.664401
2hjf_AB_clean,41.062144
2hkf_HL_clean,55.902907
2hkh_HL_clean,59.46027
2hmi_DC_clean,34.328125
2hrp_HL_clean,44.391323
2hvj_AB_clean,43.148256
2hvk_AB_clean,42.246119
2hwz_HL_clean,27.919828
2i5y_RQ_clean,48.108787
2i60_HL_clean,43.9139529999999
2ibz_XY_clean,50.3542650000001
2iff_HL_clean,43.539168
2igf_HL_clean,50.156824
2ih1_AB_clean,40.9331709999999
2ih3_AB_clean,42.1418460000001
2ipt_HL_clean,52.667382
2ipu_GK_clean,50.802294
2iq9_HL_clean,50.8963739999999
2iqa_BA_clean,47.9826830000001
2itd_AB_clean,43.2778389999999
2j4w_HL_clean,44.865362
2j5l_CB_clean,42.8962
2j88_HL_clean,40.257773
2jb5_HL_clean,47.224897
2jb6_BA_clean,41.1179
2jel_HL_clean,47.0279779999999
2jk5_AB_clean,43.815112
2mpa_HL_clean,43.749775
2nlj_BA_clean,43.124902
2nr6_FE_clean,38.075985
2nxy_DC_clean,41.579781
2nxz_DC_clean,42.906761
2ny0_DC_clean,43.170195
2ny1_DC_clean,44.247611
2ny2_DC_clean,40.9986139999999
2ny3_DC_clean,44.1720249999999
2ny4_DC_clean,41.9188480000001
2ny5_HL_clean,40.373529
2ny6_DC_clean,39.133011
2ny7_HL_clean,25.574263
2nyy_DC_clean,45.8744860000001
2o5x_HL_clean,47.9907930000001
2o5y_HL_clean,47.483149
2o5z_HL_clean,47.1222059999999
2ojz_IM_clean,58.097999
2ok0_HL_clean,60.8453040000001
2op4_HL_clean,52.650769
2oqj_ED_clean,59.2229309999999
2or9_IM_clean,48.5435170000001
2orb_IM_clean,29.138508
2osl_HL_clean,38.3966049999999
2otu_DC_clean,43.6894069999999
2otw_BA_clean,46.013715
2oz4_HL_clean,34.340137
2p7t_AB_clean,42.3853099999999
2p8l_BA_clean,62.011204
2p8m_BA_clean,37.400287
2p8p_BA_clean,62.2224870000001
2pcp_DC_clean,36.2748039999999
2pr4_HL_clean,41.282144
2pw1_BA_clean,61.372201
2pw2_BA_clean,59.259089
2q76_BA_clean,30.267066
2q8a_HL_clean,49.8560200000001
2q8b_HL_clean,55.714677
2qhr_HL_clean,40.795679
2qqk_HL_clean,33.993791
2qqn_HL_clean,50.550154
2qsc_HL_clean,36.046261
2r0l_HL_clean,38.039387
2r0w_HL_clean,49.592784
2r0z_HL_clean,48.847164
2r1w_BA_clean,30.502514
2r1x_BA_clean,30.262637
2r1y_BA_clean,30.489288
2r23_BA_clean,32.487186
2r2b_BA_clean,30.873235
2r2e_BA_clean,31.234226
2r2h_BA_clean,32.28034
2r56_IM_clean,18.564024
2r8s_HL_clean,28.580802
2rcs_HL_clean,39.755422
2uud_JK_clean,55.971159
2uyl_BA_clean,36.848815
2uzi_HL_clean,55.677471
2v17_HL_clean,40.841807
2v7h_BA_clean,33.886837
2v7n_BA_clean,44.697822
2vdk_HL_clean,44.250445
2vdl_HL_clean,45.015585
2vdm_HL_clean,44.8808
2vdn_HL_clean,45.583129
2vdo_HL_clean,45.3067160000001
2vdp_HL_clean,45.175491
2vdq_HL_clean,44.717797
2vdr_HL_clean,44.8854949999999
2vh5_HL_clean,59.572843
2vl5_CD_clean,43.356598
2vq1_FE_clean,39.859802
2vxs_JN_clean,36.6799120000001
2vxt_HL_clean,36.98917
2vxu_IM_clean,36.9349109999999
2vxv_HL_clean,38.821929
2w0f_AB_clean,47.002089
2w60_AB_clean,54.786799
2w65_CD_clean,56.884448
2w9d_HL_clean,37.47963
2w9e_HL_clean,36.123122
2wub_RQ_clean,50.949014
2wuc_HL_clean,45.806932
2xa8_HL_clean,31.682756
2xkn_BA_clean,35.279267
2xqb_HL_clean,53.465459
2xqy_GL_clean,42.0124920000001
2xra_HL_clean,35.3058
2xtj_DB_clean,67.1716680000001
2xwt_AB_clean,52.7980470000001
2xza_HL_clean,39.13315
2xzc_HL_clean,38.8258569999999
2xzq_HL_clean,44.6119070000001
2y06_HL_clean,48.137492
2y07_HL_clean,49.3663730000001
2y36_HL_clean,47.442681
2y5t_AB_clean,39.4322979999999
2y6s_HL_clean,48.8279360000001
2ybr_DE_clean,46.714133
2yc1_AB_clean,47.390486
2yk1_HL_clean,60.7444559999999
2ykl_HL_clean,61.386671
2ymx_HL_clean,34.097974
2ypv_HL_clean,38.8662190000001
2yss_BA_clean,51.6112900000001
2z4q_BA_clean,39.321344
2z91_CD_clean,41.950092
2z92_AB_clean,37.7396620000001
2zch_HL_clean,42.7119869999999
2zkh_HL_clean,41.6483550000001
2zpk_HL_clean,49.7303069999999
35c8_HL_clean,42.91862
3a67_HL_clean,42.5794080000001
3a6b_HL_clean,41.8610950000001
3a6c_HL_clean,42.453225
3aaz_HL_clean,32.308244
3auv_FF_clean,76.9330160000001
3b2u_FG_clean,54.325999
3b9k_HL_clean,42.672622
3bae_HL_clean,44.5107000000001
3bdy_HL_clean,36.5649140000001
3be1_HL_clean,43.368932
3bkc_HL_clean,48.637006
3bkj_HL_clean,47.59386
3bkm_HL_clean,43.394803
3bky_HL_clean,41.673385
3bn9_DC_clean,36.860235
3bpc_BA_clean,30.684099
3bt2_HL_clean,44.9685139999999
3bz4_HG_clean,42.965216
3c08_HL_clean,28.401449
3c2a_HL_clean,63.885369
3c5s_BA_clean,39.143363
3c6s_HG_clean,45.444745
3cfb_HL_clean,56.267094
3cfc_HL_clean,54.8930849999999
3cfd_HL_clean,25.546479
3cfe_HL_clean,28.271609
3cfj_BA_clean,50.677315
3cfk_PO_clean,55.073045
3cle_HL_clean,39.369793
3clf_HL_clean,42.797605
3cmo_HL_clean,45.1494069999999
3cvh_HL_clean,54.16329
3cvi_HL_clean,47.8747059999999
3cx5_UV_clean,49.5039289999999
3cxd_HL_clean,44.0405659999999
3cxh_UV_clean,45.6087699999999
3d0l_BA_clean,36.343557
3d0v_BA_clean,64.618128
3d85_BA_clean,31.559383
3d9a_HL_clean,32.202535
3det_CD_clean,67.9452180000002
3dgg_DC_clean,45.862494
3dif_DC_clean,38.3845320000001
3drq_BA_clean,39.314344
3dsf_HL_clean,41.4221990000001
3dur_BA_clean,43.6516130000001
3dus_BA_clean,41.6831769999999
3duu_BA_clean,41.639891
3dv4_BA_clean,43.398713
3dv6_BA_clean,41.682378
3dvg_BA_clean,40.8522059999999
3dvn_BA_clean,43.309267
3e8u_HL_clean,41.523214
3efd_HL_clean,46.492888
3ehb_CD_clean,43.966458
3ejz_CD_clean,64.7680429999999
3eo0_DC_clean,58.356199
3eo9_HL_clean,36.779832
3eoa_HL_clean,24.775843
3eot_HL_clean,40.948059
3esu_FF_clean,51.558351
3esv_GG_clean,48.094477
3et9_FF_clean,55.968781
3eyf_BA_clean,38.412547
3eyo_BA_clean,37.303963
3eyq_DC_clean,34.5937630000001
3eys_HL_clean,48.6589609999999
3eyu_HL_clean,48.529861
3eyv_BA_clean,39.8117470000001
3f12_BA_clean,46.520234
3f58_HL_clean,43.1871979999999
3fb5_AB_clean,43.050809
3fct_DC_clean,32.039605
3ffd_AB_clean,42.517535
3fn0_HL_clean,63.087512
3fo0_HL_clean,49.706339
3fo1_HL_clean,50.620788
3fo2_BA_clean,50.980548
3fo9_HL_clean,51.483207
3fzu_CD_clean,28.9979539999999
3g04_BA_clean,45.0516040000001
3g5v_BA_clean,34.378773
3g5x_BA_clean,42.16146
3g5y_BA_clean,42.970811
3g5z_BA_clean,39.626302
3g6a_HL_clean,55.402877
3gb7_AB_clean,43.344102
3gbm_HL_clean,60.876696
3gbn_HL_clean,61.307756
3ggw_BA_clean,44.0097880000001
3ghb_HL_clean,65.2629110000001
3ghe_HL_clean,50.168016
3gi8_HL_clean,41.3515250000001
3gi9_HL_clean,39.110358
3giz_HL_clean,44.455855
3gje_BA_clean,44.142946
3gjf_HL_clean,43.614085
3gk8_HL_clean,44.4077279999999
3gkw_HL_clean,31.202001
3gkz_AA_clean,44.409753
3gm0_AA_clean,44.1949499999999
3gnm_HL_clean,57.161801
3go1_HL_clean,46.145157
3grw_HL_clean,57.2012460000001
3h0t_BA_clean,37.2745979999999
3h3b_DD_clean,50.02011
3h3p_IM_clean,58.786076
3h42_HL_clean,53.391602
3hae_HL_clean,45.355807
3hb3_CD_clean,44.477935
3hc0_HL_clean,34.289503
3hc3_HL_clean,35.010088
3hc4_HL_clean,36.152571
3hi1_HL_clean,38.609243
3hi5_HL_clean,47.8094229999999
3hi6_HL_clean,40.772307
3hns_HL_clean,34.410575
3hnt_HL_clean,32.879174
3hnv_HL_clean,34.498585
3hr5_IP_clean,41.108115
3hzk_BA_clean,25.754299
3hzm_BA_clean,23.241195
3hzv_BA_clean,24.144352
3hzy_BA_clean,30.496668
3i02_BA_clean,33.954461
3i2c_HL_clean,58.1704
3i75_BA_clean,56.6674499999999
3i9g_HL_clean,54.5731640000001
3idg_BA_clean,62.801169
3idi_BA_clean,38.449314
3idj_BA_clean,62.1773339999999
3idm_BA_clean,61.9171640000001
3idn_BA_clean,64.7727279999999
3idx_HL_clean,30.349723
3iet_DC_clean,32.9810120000001
3if1_DC_clean,32.202622
3ifl_HL_clean,42.216266
3ifn_HL_clean,45.295346
3ifo_AB_clean,47.7627549999999
3ifp_EF_clean,47.156514
3iga_AB_clean,42.676709
3ijh_BA_clean,34.00896
3ijs_DC_clean,34.796811
3ijy_BA_clean,36.028061
3ikc_BA_clean,36.152587
3inu_HL_clean,40.8341620000001
3iu3_AB_clean,34.422356
3iu4_HL_clean,26.4920720000001
3ixt_HL_clean,29.7288050000001
3juy_CC_clean,41.071848
3jwd_PO_clean,35.358247
3k2u_HL_clean,49.462999
3kdm_HL_clean,41.439069
3klh_DC_clean,33.442419
3kr3_HL_clean,25.790778
3ks0_KJ_clean,40.090538
3kym_JI_clean,39.8715220000001
3l1o_HL_clean,40.154841
3l5w_BA_clean,31.3543589999999
3l5x_HL_clean,44.6136429999999
3l5y_HL_clean,43.9173110000001
3l7e_BA_clean,30.000264
3l7f_HL_clean,44.140693
3l95_BA_clean,29.610453
3ld8_CB_clean,34.957086
3ldb_CB_clean,34.3605809999999
3lev_HL_clean,52.715664
3lex_HL_clean,47.4220860000001
3ley_HL_clean,61.0129
3lh2_KO_clean,58.9693639999999
3lhp_HL_clean,52.4137929999999
3liz_HL_clean,46.299132
3lmj_HL_clean,58.77926
3lrs_CD_clean,44.2425000000001
3ls4_HL_clean,45.5820579999999
3ls5_HL_clean,44.4690380000001
3lzf_HL_clean,57.883507
3m8o_HL_clean,34.7803879999999
3ma9_HL_clean,65.340785
3mac_HL_clean,70.890078
3mbx_HL_clean,30.7981309999999
3mck_HL_clean,47.751204
3mcl_HL_clean,24.1329490000001
3mj8_HL_clean,44.5740100000001
3mj9_HL_clean,45.440134
3mlr_HL_clean,54.462839
3mls_JN_clean,53.729973
3mlt_HL_clean,53.488256
3mlu_HL_clean,59.7418140000001
3mlv_NM_clean,59.0335049999999
3mlw_HL_clean,37.3706969999999
3mlx_IM_clean,46.855933
3mly_HL_clean,49.72059
3mlz_HL_clean,49.053188
3mnv_DC_clean,30.366554
3mnw_BA_clean,39.62229
3mnz_BA_clean,43.738684
3mo1_BA_clean,36.407792
3moa_HL_clean,57.8206860000001
3mob_HL_clean,58.037567
3mod_HL_clean,59.6584669999999
3mug_DC_clean,57.1985839999999
3mxv_HL_clean,38.798469
3mxw_HL_clean,41.8557
3n9g_HL_clean,38.263352
3na9_HL_clean,44.8129550000001
3naa_HL_clean,44.618972
3nab_HL_clean,48.581129
3nac_HL_clean,42.162896
3ncj_HL_clean,46.296656
3nfp_HL_clean,37.9301169999999
3nfs_HL_clean,34.780852
3ngb_BC_clean,54.805536
3nh7_KO_clean,53.235317
3nid_HL_clean,45.7896830000001
3nif_EF_clean,44.8763559999999
3nig_EF_clean,46.0318720000001
3nps_BC_clean,34.561536
3ntc_HL_clean,36.7818099999999
3nz8_AB_clean,41.597416
3nzh_HL_clean,39.224362
3o0r_HL_clean,51.573937
3o11_HL_clean,20.623537
3o2d_HL_clean,32.152674
3o2v_HL_clean,46.222388
3o2w_HL_clean,48.2638090000001
3o41_HL_clean,42.313546
3o45_AB_clean,38.1365960000001
3o6k_HL_clean,47.636962
3o6l_HL_clean,47.2125679999999
3o6m_HL_clean,49.9179120000001
3oau_HL_clean,46.8611460000001
3oay_HL_clean,58.2472040000001
3oaz_MK_clean,60.185064
3ob0_MK_clean,62.31726
3ojd_BA_clean,41.887376
3okd_BA_clean,32.203568
3oke_BA_clean,28.653991
3okk_BA_clean,28.9036010000001
3okl_BA_clean,31.7712219999999
3okm_BA_clean,34.886182
3okn_BA_clean,30.040395
3oko_BA_clean,27.490547
3or6_AB_clean,41.5548500000001
3or7_AB_clean,42.3627730000001
3oz9_HL_clean,58.705476
3p0v_IM_clean,35.51652
3p0y_HL_clean,36.942858
3pgf_HL_clean,47.569457
3pho_BA_clean,48.918334
3phq_BA_clean,51.5503199999999
3pnw_WV_clean,52.318688
3pp3_HL_clean,60.8842660000001
3pp4_HL_clean,61.826553
3q1s_HL_clean,65.4146739999999
3q3g_KJ_clean,34.8714980000001
3q6g_HL_clean,43.791237
3qct_HL_clean,59.387233
3qcu_HL_clean,65.112934
3qcv_IM_clean,63.700586
3qeg_HL_clean,40.1639659999999
3qeh_CD_clean,39.621608
3qg6_HL_clean,46.915154
3qg7_HL_clean,40.8189380000001
3qhf_HL_clean,44.8707329999999
3qhz_IM_clean,43.228203
3qnx_BA_clean,31.378565
3qny_DC_clean,36.612149
3qnz_BA_clean,36.85656
3qo0_BA_clean,29.2706140000001
3qo1_BA_clean,29.232451
3qos_HL_clean,43.1621709999999
3qot_HL_clean,40.999438
3qpq_HL_clean,45.571364
3qpx_HL_clean,34.267264
3qq9_DC_clean,43.776376
3qrg_HL_clean,42.83305
3qwo_HL_clean,31.079602
3r06_DC_clean,50.424845
3r1g_HL_clean,43.7042259999999
3ra7_HL_clean,47.345827
3rkd_DC_clean,42.538782
3rpi_HL_clean,36.8086440000001
3ru8_HL_clean,30.707059
3rvt_DC_clean,47.7838009999999
3rvu_DC_clean,51.461825
3rvv_DC_clean,45.493714
3rvw_DC_clean,48.65326
3rvx_DC_clean,48.466497
3s34_HL_clean,47.354263
3s35_HL_clean,49.099627
3s37_HL_clean,46.542202
3s96_AB_clean,70.171902
3sdy_HL_clean,38.2686849999999
3se8_HL_clean,64.9379139999999
3se9_HL_clean,46.6028249999999
3sgd_JI_clean,42.208727
3sge_HL_clean,46.204264
3skj_HL_clean,45.26264
3so3_CB_clean,44.383157
3sob_HL_clean,38.962932
3sqo_HL_clean,34.956924
3stl_AB_clean,42.0531180000001
3stz_AB_clean,41.692752
3sy0_BA_clean,27.6172590000001
3t2n_HL_clean,45.3374179999999
3t3m_HL_clean,45.543989
3t3p_HL_clean,46.1077689999999
3t4y_BA_clean,30.484191
3t65_BA_clean,30.129396
3t77_BA_clean,32.041042
3tcl_AB_clean,33.950749
3tnm_AB_clean,31.968781
3tnn_HL_clean,25.761139
3u0t_DC_clean,60.5435099999999
3u0w_HL_clean,40.800437
3u1s_HL_clean,43.763969
3u2s_HL_clean,41.326207
3u30_CB_clean,38.747359
3u46_AB_clean,40.10885
3u4b_HL_clean,38.8255999999999
3u4e_AB_clean,42.6056249999999
3u6r_AB_clean,68.450527
3u7w_HL_clean,39.707009
3u7y_HL_clean,43.920032
3uc0_IM_clean,44.753387
3uji_HL_clean,51.289652
3ujj_HL_clean,36.284837
3ujt_HL_clean,38.4010559999999
3uls_BA_clean,49.4456399999999
3umt_AA_clean,34.540605
3uo1_HL_clean,52.4057190000001
3utz_CD_clean,49.4936219999999
3ux9_BB_clean,62.638783
3uyp_AA_clean,49.538999
3uyr_HL_clean,50.5235
3uze_BB_clean,55.1755620000001
3uzq_AA_clean,48.072067
3uzv_BB_clean,54.298807
3v0v_HL_clean,26.293255
3v0w_HL_clean,24.393635
3v4u_HL_clean,52.733285
3v52_HL_clean,51.733947
3v6f_HL_clean,34.068695
3v6o_DF_clean,39.428483
3vfg_HL_clean,43.9377869999999
3vg0_HL_clean,45.8147739999999
3vg9_CB_clean,45.369291
3vi3_FE_clean,56.3460810000001
3vi4_HL_clean,54.6319910000001
3vw3_HL_clean,50.0933530000001
3w9d_AB_clean,43.7096289999999
3w9e_AB_clean,38.198542
3wbd_BB_clean,46.042078
3we6_AB_clean,63.402304
3wfb_HL_clean,50.4446040000001
3wfc_HL_clean,51.734409
3wfd_HL_clean,52.506089
3wfe_HL_clean,52.7935890000001
3wfh_AB_clean,59.142589
3whx_AB_clean,60.1274709999999
3wif_AB_clean,59.7706
3wih_HL_clean,33.195511
3wii_HL_clean,32.616432
3wkm_HL_clean,52.2670030000001
3wxv_HL_clean,48.294751
3wxw_HL_clean,50.551819
3x3f_HL_clean,39.572803
3x3g_HL_clean,37.2823480000001
3zdx_HL_clean,44.728571
3zdy_HL_clean,44.84474
3zdz_EF_clean,47.764931
3ze0_HL_clean,45.565826
3ze2_HL_clean,46.314006
3zkn_HL_clean,44.249403
3zl4_HL_clean,45.4776039999999
43c9_FE_clean,54.489826
43ca_DC_clean,52.711538
4a6y_BA_clean,48.952421
4aeh_HL_clean,33.281656
4aei_HL_clean,53.264115
4ag4_HL_clean,45.5972429999999
4al8_HL_clean,34.489491
4ala_HL_clean,31.567219
4amk_HL_clean,39.828952
4at6_HL_clean,54.738977
4bh7_BA_clean,39.091265
4bh8_BA_clean,31.619073
4buh_BB_clean,42.083417
4bz1_HL_clean,27.583557
4bz2_HL_clean,38.05052
4c83_AB_clean,39.19495
4cad_ED_clean,44.588809
4cmh_BC_clean,49.9271579999999
4cni_HL_clean,48.002172
4d3c_HL_clean,38.509968
4d9l_HL_clean,46.400102
4d9q_ED_clean,40.69531
4d9r_HL_clean,38.614566
4dcq_BA_clean,65.7799640000001
4dgi_HL_clean,41.7535619999999
4dgv_HL_clean,54.347778
4dgy_HL_clean,52.1038399999999
4dkf_HL_clean,30.530558
4dn3_HL_clean,46.156786
4dn4_HL_clean,44.9455949999999
4dqo_HL_clean,46.431805
4dtg_HL_clean,48.833997
4dvb_AB_clean,39.1398629999999
4dvr_HL_clean,37.821938
4dw2_HL_clean,40.353652
4ebq_HL_clean,49.886265
4edw_HL_clean,36.058026
4edx_HL_clean,33.658334
4ene_EF_clean,68.454993
4eow_HL_clean,48.7980249999999
4ers_HL_clean,34.895376
4etq_HL_clean,46.6590169999999
4evn_MN_clean,69.5834600000001
4f15_KL_clean,45.0817450000001
4f33_FE_clean,27.458807
4f37_HL_clean,38.9979589999999
4f3f_BA_clean,26.4844109999999
4f57_HL_clean,50.05619
4f58_HL_clean,47.6036760000001
4fab_HL_clean,57.100101
4ffv_HL_clean,31.076479
4ffw_DC_clean,36.729537
4ffy_HL_clean,56.69948
4fnl_IM_clean,43.0209690000001
4fp8_HL_clean,44.1793190000001
4fq2_HL_clean,63.6436499999999
4fqc_HL_clean,63.612676
4fqh_HL_clean,49.888565
4fqi_HL_clean,52.9280890000001
4fqj_HL_clean,51.6267069999999
4fql_HL_clean,41.170245
4fqq_HL_clean,48.723906
4fz8_HL_clean,67.831267
4fze_HL_clean,55.549392
4g3y_HL_clean,46.934976
4g5z_HL_clean,39.390287
4g6a_CD_clean,40.5679879999999
4g6f_HL_clean,66.9952900000001
4g6j_HL_clean,29.482441
4g6k_HL_clean,23.059392
4g6m_HL_clean,21.263134
4g7v_HL_clean,47.6748559999999
4g7y_HL_clean,43.2363
4gag_HL_clean,41.5372410000001
4gaj_HL_clean,45.081072
4gay_AB_clean,45.7759799999999
4gms_JN_clean,40.8586989999999
4gmt_IM_clean,41.917169
4gq9_HL_clean,42.077897
4gqp_HH_clean,44.325739
4gsd_HL_clean,47.969869
4gw1_DC_clean,44.623914
4gw4_AB_clean,35.039138
4gw5_BA_clean,46.0760680000001
4gxv_HL_clean,53.501029
4h0g_AA_clean,58.4651189999999
4h0h_BB_clean,59.2687780000001
4h0i_AA_clean,59.490685
4h20_HL_clean,47.0671300000001
4h88_HL_clean,42.407934
4h8w_HL_clean,27.70261
4hbc_HL_clean,40.878259
4hc1_MN_clean,29.4513
4hcr_MN_clean,40.9330850000001
4hdi_BA_clean,41.639766
4hfw_BA_clean,34.0473150000001
4hgw_BA_clean,32.084067
4hh9_DC_clean,36.815769
4hha_BA_clean,33.309967
4hie_BA_clean,41.389885
4hih_BA_clean,41.98722
4hii_DC_clean,44.5802540000001
4hij_BA_clean,39.005239
4hix_HL_clean,42.309511
4hjg_BA_clean,43.967837
4hjj_HL_clean,83.4665519999998
4hk0_AB_clean,47.213563
4hkx_AB_clean,47.4840339999999
4hkz_BA_clean,32.775094
4hlz_IJ_clean,52.8746519999999
4hpo_HL_clean,44.622735
4hpy_HL_clean,56.682972
4hqq_HL_clean,42.286399
4hs6_BA_clean,36.75994
4hs8_HL_clean,35.9395689999999
4ht1_HL_clean,57.411355
4hwb_HL_clean,38.7215910000001
4hwe_HL_clean,38.747768
4hxa_HL_clean,39.3086680000001
4hxb_HL_clean,39.4443339999999
4hzl_HL_clean,61.553401
4i2x_DC_clean,36.235187
4i3s_HL_clean,50.465361
4i77_HL_clean,46.909842
4i9w_ED_clean,40.9234610000001
4ij3_CB_clean,38.8032270000001
4imk_BC_clean,49.482444
4iml_AB_clean,50.6163860000001
4ioi_BA_clean,47.873091
4irz_HL_clean,30.32171
4isv_BA_clean,49.1542879999999
4j1u_FE_clean,26.824242
4j4p_HL_clean,51.445219
4j6r_HL_clean,39.0779149999999
4j8r_BA_clean,38.017906
4jam_AB_clean,42.664643
4jdv_AB_clean,31.279929
4jfx_HL_clean,47.136071
4jfy_BA_clean,46.1824049999999
4jfz_HL_clean,48.473183
4jg0_HL_clean,48.84768
4jg1_HL_clean,48.817231
4jha_HL_clean,46.6124850000001
4jj5_BA_clean,50.334438
4jkp_HL_clean,46.0703280000001
4jlr_HL_clean,34.34386
4jm4_HL_clean,55.8382949999999
4jn1_HL_clean,59.2288760000001
4jn2_HL_clean,55.003647
4jo1_HL_clean,39.148428
4jo2_HL_clean,39.4745179999999
4jo3_IM_clean,48.8236220000001
4jo4_HL_clean,50.640281
4jpi_AB_clean,38.384677
4jpk_HL_clean,29.972821
4jpv_HL_clean,40.2367510000001
4jpw_HL_clean,36.773312
4jqi_HL_clean,55.97777
4jr9_HL_clean,38.50211
4jre_HL_clean,37.8070710000001
4jy4_BA_clean,57.9252980000001
4jy5_HL_clean,66.293084
4jy6_BA_clean,57.721333
4jzj_HL_clean,45.563106
4jzn_IP_clean,43.4764719999999
4jzo_GH_clean,44.318095
4k23_HL_clean,38.6335319999999
4k2u_HL_clean,38.5491269999999
4k3d_IM_clean,43.9465869999999
4k3e_IM_clean,27.633339
4k3j_HL_clean,30.768141
4k7p_YX_clean,33.218905
4k94_HL_clean,38.6415889999999
4k9e_HL_clean,46.3699619999999
4kaq_HL_clean,43.43906
4kht_HL_clean,57.446292
4khx_HL_clean,71.1551980000001
4ki5_EF_clean,39.7080060000001
4kjq_EF_clean,63.9653369999999
4kk8_EF_clean,65.328276
4kk9_CD_clean,67.533371
4kkl_CD_clean,67.0237699999999
4kmt_HL_clean,35.741017
4kph_IM_clean,43.030901
4kq3_HL_clean,25.134111
4kq4_HL_clean,17.362289
4krp_DC_clean,47.686642
4ktd_HL_clean,68.678682
4kte_HL_clean,61.333203
4kuz_HL_clean,23.56928
4kvc_HL_clean,37.604195
4kxz_QP_clean,55.1973089999999
4ky1_HL_clean,45.2797299999999
4kzd_HL_clean,35.685439
4kze_HL_clean,35.1282599999999
4l5f_HL_clean,36.465979
4laq_HL_clean,48.724197
4lar_HL_clean,45.480279
4las_HL_clean,44.962311
4lbe_AB_clean,38.2589280000001
4lci_HL_clean,46.487279
4lcu_AB_clean,40.4270319999999
4leo_AB_clean,36.8838129999999
4lex_HL_clean,42.453972
4lf3_ED_clean,38.059195
4liq_HL_clean,29.377242
4lkc_BA_clean,35.987376
4lkx_AB_clean,50.200233
4llu_AB_clean,45.575143
4llv_HL_clean,53.9601900000001
4llw_CD_clean,54.705984
4lly_AB_clean,45.335509
4lmq_EI_clean,39.752856
4lou_CD_clean,67.2117929999998
4lqf_HL_clean,51.129149
4lri_CB_clean,54.1356589999999
4lrn_HL_clean,70.9306369999999
4lsp_HL_clean,45.9112830000001
4lsq_HL_clean,40.0024800000001
4lsr_HL_clean,44.312135
4lss_HL_clean,56.727124
4lst_HL_clean,57.714682
4lsu_HL_clean,38.660359
4lu5_IM_clean,52.560814
4lvh_HI_clean,54.0791410000001
4lvn_CB_clean,33.7240609999999
4lvo_CB_clean,36.048898
4m1d_IM_clean,64.882047
4m1g_HL_clean,32.146244
4m43_HL_clean,52.429576
4m48_HL_clean,32.9381600000001
4m5y_HL_clean,54.978486
4m5z_HL_clean,53.0073770000001
4m61_BA_clean,18.248302
4m62_IM_clean,57.058934
4m6m_HL_clean,47.314546
4m6n_HL_clean,48.528809
4m6o_HL_clean,34.387718
4m7j_HL_clean,59.264923
4m7k_HL_clean,41.6528079999999
4m7z_BC_clean,54.97186
4m8q_AB_clean,53.14342
4m93_HL_clean,56.3526600000001
4ma1_BC_clean,59.158863
4ma3_BA_clean,34.8661789999999
4ma7_HL_clean,42.086681
4ma8_HL_clean,42.270907
4mau_HL_clean,35.0711059999999
4msw_AB_clean,38.879888
4mwf_AB_clean,37.192724
4n0y_HL_clean,59.5277110000001
4n8c_HL_clean,39.1521410000001
4n9g_MN_clean,53.211898
4ncc_HL_clean,42.47351
4ngh_HL_clean,45.500871
4nhc_HL_clean,42.494474
4nik_BB_clean,60.5414140000001
4nj9_HL_clean,39.7517330000001
4nja_HL_clean,38.153083
4nki_HL_clean,40.812047
4nm4_IM_clean,35.699865
4nnp_HL_clean,49.3324450000001
4np4_HL_clean,32.146711
4npy_BA_clean,44.50101
4nrx_HL_clean,42.649044
4nrz_HL_clean,38.401539
4nug_HL_clean,58.708414
4nuj_BA_clean,59.988562
4nwt_HL_clean,47.374625
4nwu_HL_clean,49.138277
4nx3_BA_clean,25.991264
4nyl_EF_clean,39.852062
4nzr_HL_clean,61.010915
4nzt_HL_clean,52.199745
4nzu_HL_clean,43.6350080000001
4o4y_HL_clean,31.872172
4o51_BA_clean,32.508029
4o58_HL_clean,46.3638329999999
4o5l_HL_clean,40.6408619999999
4o9h_HL_clean,36.1474789999999
4oaw_DC_clean,37.3395680000001
4ob5_HL_clean,58.4459340000001
4ocr_HL_clean,52.32629
4ocs_HL_clean,59.360566
4ocx_HL_clean,58.2757139999999
4ocy_HL_clean,56.131622
4od1_HL_clean,51.108432
4od3_HL_clean,44.5401650000001
4odh_HL_clean,43.377968
4ods_HL_clean,40.55466
4odt_HL_clean,40.739062
4odu_HL_clean,41.117167
4odv_HL_clean,41.844924
4odw_HL_clean,49.6729369999999
4ogx_HL_clean,63.6747219999999
4ogy_HL_clean,61.638609
4ojf_HL_clean,43.5110670000001
4okv_AB_clean,41.974234
4olu_HL_clean,49.879922
4olv_HL_clean,52.826205
4olw_HL_clean,50.424513
4olx_HL_clean,55.0438200000001
4oly_HL_clean,49.869831
4olz_HL_clean,52.1116940000001
4om0_HL_clean,53.710662
4om1_HL_clean,54.9775360000001
4onf_HL_clean,41.2248210000001
4ong_HL_clean,42.918878
4osu_HL_clean,43.1070229999999
4ot1_HL_clean,50.464876
4otx_HL_clean,24.3948980000001
4ouu_HL_clean,43.160996
4p3c_HL_clean,56.036263
4p3d_AB_clean,57.749169
4pb0_HL_clean,47.402938
4pb9_HL_clean,46.084494
4plj_HL_clean,36.3427749999999
4poz_DC_clean,39.818704
4pp2_DC_clean,45.1316260000001
4ps4_HL_clean,43.2034360000001
4ptt_BA_clean,38.913933
4ptu_BA_clean,40.551403
4pub_HL_clean,49.854288
4py7_AB_clean,46.4978050000001
4py8_IJ_clean,46.107133
4q0x_HL_clean,49.610562
4q2z_AB_clean,56.1756209999999
4qci_HL_clean,69.698742
4qf1_HL_clean,47.197678
4qhu_BA_clean,71.4252539999999
4qt5_HL_clean,36.8500489999999
4qth_AB_clean,26.189163
4qww_DC_clean,38.928433
4qxg_HL_clean,35.1748880000001
4qxt_AB_clean,45.034634
4qxu_HL_clean,56.769303
4qy8_AB_clean,44.4502289999999
4qyo_AB_clean,45.187051
4r26_HL_clean,61.2479459999999
4r3s_AB_clean,42.075069
4r7d_IJ_clean,32.578906
4r8w_HL_clean,49.788785
4r90_HL_clean,38.413392
4r97_CB_clean,36.652167
4rav_AB_clean,50.570346
4rbp_MK_clean,57.532725
4rdq_GF_clean,40.367195
4rfe_HL_clean,57.435124
4rgm_CB_clean,46.48591
4rgn_BC_clean,49.500347
4rgo_HL_clean,45.3831169999999
4rir_AB_clean,40.53345
4ris_HL_clean,42.102422
4rnr_CD_clean,39.6560969999999
4rrp_IC_clean,39.52954
4rwy_HL_clean,44.4901940000001
4rzc_EF_clean,61.3323120000001
4s1d_OP_clean,47.8476769999999
4s1q_HL_clean,57.4662369999998
4s2s_HL_clean,35.155747
4toy_HL_clean,67.99387
4tpr_HL_clean,53.9207499999999
4tqe_HL_clean,62.420703
4trp_HL_clean,48.174319
4tsa_HL_clean,45.900314
4tsb_HL_clean,36.684088
4tsc_HL_clean,39.627936
4ttd_CD_clean,49.7786640000001
4tuj_AB_clean,49.935262
4tuk_HL_clean,54.341268
4tul_HL_clean,49.8299990000001
4tuo_AB_clean,52.3375279999999
4u0r_BC_clean,63.4300119999999
4u6v_KM_clean,32.184242
4uik_HL_clean,44.3105709999999
4uil_HL_clean,52.0033209999999
4uim_CD_clean,34.352707
4uin_HL_clean,46.050588
4ut7_HL_clean,52.0595420000001
4uu9_AB_clean,60.2635679999999
4uuj_AB_clean,41.573117
4uv7_HL_clean,45.861833
4wcy_HL_clean,43.2762839999999
4web_HL_clean,25.912226
4wfe_GF_clean,38.361337
4wff_ED_clean,40.613746
4wht_AB_clean,40.6469109999999
4why_MN_clean,44.6069000000001
4wuk_HL_clean,49.45065
4wv1_BA_clean,43.93677
4wy7_HL_clean,45.0702739999999
4x0k_HL_clean,33.7722079999999
4x4x_CD_clean,46.512202
4x4y_CD_clean,48.8060350000001
4x7s_HL_clean,30.778133
4x80_HL_clean,35.437845
4x8j_HL_clean,45.958605
4xak_DE_clean,31.151755
4xaw_HL_clean,33.750992
4xbe_HL_clean,36.042636
4xbg_JK_clean,48.161737
4xbp_EF_clean,50.424564
4xc1_HL_clean,34.533804
4xc3_HL_clean,36.2029910000001
4xcc_HL_clean,52.5063419999999
4xce_CD_clean,49.225623
4xcf_HL_clean,31.989412
4xcn_HL_clean,45.1021510000001
4xgz_CD_clean,42.605855
4xh2_JK_clean,38.5978029999999
4xml_HL_clean,46.7795110000001
4xmp_HL_clean,44.335556
4xnm_BA_clean,48.696779
4xnu_HL_clean,34.852233
4xny_HL_clean,43.2882
4xp1_HL_clean,33.339562
4xp4_HL_clean,35.9973200000001
4xp9_HL_clean,37.5859620000001
4xpa_HL_clean,35.156418
4xph_HL_clean,36.3938720000001
4xrc_BA_clean,48.978463
4xtr_EF_clean,47.7501209999999
4xvj_HL_clean,71.375733
4xvs_HL_clean,38.8282929999999
4xvt_HL_clean,35.03532
4xvu_CD_clean,48.505895
4xwg_HL_clean,53.666385
4xwo_IJ_clean,49.62544
4xxd_BA_clean,44.673438
4xzu_EF_clean,44.027208
4y5v_GH_clean,52.452552
4y5y_DE_clean,45.630488
4yaq_AB_clean,40.681475
4ydj_AB_clean,47.997085
4ydk_HL_clean,44.0112159999999
4ydl_BC_clean,35.158698
4ydv_HL_clean,49.3895789999999
4ye4_HL_clean,44.808404
4ygv_FL_clean,33.345371
4yhi_AB_clean,38.1501309999999
4yhk_HL_clean,35.443091
4yhl_HL_clean,33.7794799999999
4yhm_HL_clean,39.510317
4yhn_AB_clean,35.728068
4yho_HL_clean,40.639453
4yhy_HL_clean,52.089473
4yhz_HL_clean,54.569843
4yjz_LL_clean,59.126493
4yk4_CB_clean,30.769919
4yny_CD_clean,34.032339
4yo0_CD_clean,34.036868
4yr6_AB_clean,38.8656489999999
4ywg_IM_clean,51.9352119999999
4yx2_HL_clean,41.746428
4yxh_HL_clean,45.025018
4yxk_HL_clean,43.369771
4yxl_HL_clean,42.212013
4z0x_BA_clean,61.449303
4z8f_HL_clean,42.5726609999999
4z95_HL_clean,41.623373
4zd3_HL_clean,32.904058
4zff_AB_clean,66.4725610000001
4zfg_HL_clean,55.490997
4zfo_AB_clean,46.958446
4zpt_HL_clean,32.164849
4zs7_HL_clean,51.2910980000001
4zso_DC_clean,48.7721069999999
4zto_HL_clean,53.010657
4ztp_HL_clean,54.0103740000001
4zyk_HL_clean,32.640418
5a16_GH_clean,36.450062
5a2i_HH_clean,49.803669
5a2j_HH_clean,53.639638
5a2k_HH_clean,53.753802
5a2l_HH_clean,53.801122
5aam_BB_clean,53.749599
5ado_HL_clean,37.444934
5adp_HL_clean,43.712615
5alb_HL_clean,58.507979
5alc_HL_clean,56.732367
5anm_DC_clean,70.481402
5aum_AB_clean,51.418608
5awn_HL_clean,35.5931450000001
5ayu_HL_clean,39.1027459999999
5az2_HL_clean,30.019732
5aze_HL_clean,40.049086
5b3j_HL_clean,28.294395
5b3n_AA_clean,44.6622020000001
5b4m_HL_clean,47.9767190000001
5b71_DC_clean,38.745314
5b8c_BA_clean,58.7294599999999
5bjz_DH_clean,56.950988
5bk1_HL_clean,68.6427839999998
5bk2_CD_clean,51.223295
5bk3_EF_clean,37.764152
5bo1_IM_clean,34.915427
5bq7_AB_clean,45.426278
5bv7_CB_clean,54.0225429999999
5bvj_HG_clean,38.652486
5bvp_HL_clean,33.383602
5bzd_BA_clean,49.0014639999999
5bzw_BA_clean,36.838632
5c2b_HL_clean,50.844715
5c6w_HH_clean,60.510225
5c7x_MN_clean,51.73761
5cba_AB_clean,52.778394
5cbe_CD_clean,71.466745
5cck_HL_clean,35.8650389999999
5cd3_GH_clean,40.881872
5cex_DC_clean,57.700051
5cey_BA_clean,61.149935
5cgy_CD_clean,49.323185
5chn_HL_clean,47.596369
5cil_HL_clean,38.789351
5cin_HL_clean,33.1814799999999
5cip_AB_clean,45.698113
5cma_BA_clean,30.84602
5cp3_HA_clean,43.360638
5csz_HL_clean,33.649968
5czx_HL_clean,37.300718
5d6c_BA_clean,32.57205
5d70_HL_clean,59.607634
5d71_HL_clean,61.9225020000001
5d72_MN_clean,53.9282329999999
5d7s_HL_clean,66.236283
5d93_CB_clean,43.882984
5d96_JI_clean,34.094435
5dd0_HL_clean,62.880833
5dd1_HL_clean,63.449516
5dd3_HL_clean,59.8823430000001
5dd5_HL_clean,50.0118089999999
5dd6_HL_clean,49.830818
5dfv_CD_clean,37.7261060000001
5dfw_HH_clean,46.318267
5dhv_HL_clean,49.455255
5dhx_BB_clean,48.560635
5dk3_BA_clean,48.9654959999999
5dlm_HL_clean,47.5080600000001
5dmg_EF_clean,42.171394
5do2_HL_clean,27.42159
5dq9_AB_clean,41.8465860000001
5dqd_HL_clean,35.712127
5dqj_HL_clean,36.856114
5dr5_HL_clean,41.7807679999998
5drn_AB_clean,40.969169
5drw_AB_clean,54.5988629999999
5drx_HL_clean,57.783034
5drz_HL_clean,42.0317
5ds8_AB_clean,24.065435
5dsc_EF_clean,41.0876290000001
5dt1_HL_clean,62.111728
5dtf_AB_clean,32.563127
5dub_HL_clean,27.356808
5dur_HL_clean,43.9509790000001
5dyo_HL_clean,57.6553830000001
5e08_HL_clean,36.2131179999999
5e2t_HL_clean,43.1108500000001
5e2u_HL_clean,43.373153
5e2v_HL_clean,44.163983
5e2w_HL_clean,44.3280199999999
5e8d_HL_clean,34.812379
5e8e_BA_clean,41.519331
5e94_BA_clean,42.516122
5e99_HL_clean,25.552845
5ea0_HL_clean,33.8644200000001
5ebl_AB_clean,38.621174
5ebm_AB_clean,42.2278400000001
5ebw_AB_clean,45.462744
5ec1_AB_clean,42.9017889999999
5ec2_AB_clean,45.3721659999999
5eii_AB_clean,39.408632
5en2_AB_clean,39.2451449999999
5eoc_JM_clean,34.977763
5eoq_HL_clean,37.779402
5eor_HL_clean,46.267103
5epm_AB_clean,47.097583
5erw_AB_clean,46.10391
5esa_AB_clean,46.398187
5esq_BA_clean,47.415752
5etu_BA_clean,49.9954190000001
5eu7_FD_clean,52.83042
5euk_DC_clean,46.792836
5ewi_HL_clean,44.7815440000001
5ezi_HL_clean,52.5489170000001
5ezj_AB_clean,53.3120280000001
5ezl_AB_clean,50.6461249999999
5f3b_EF_clean,31.55375
5f3h_EF_clean,33.055075
5f6h_IJ_clean,41.49081
5f6i_BC_clean,39.323451
5f72_TT_clean,57.490819
5f7e_HL_clean,33.763259
5f88_BA_clean,47.460113
5f89_HL_clean,33.3808620000001
5f96_HL_clean,45.480232
5f9o_HL_clean,39.522617
5f9w_BC_clean,39.179995
5fb8_BA_clean,34.334992
5fcs_HH_clean,72.9710790000001
5fcu_HL_clean,58.382596
5ff6_DC_clean,47.67107
5fgb_EB_clean,51.752175
5fgc_EB_clean,51.9072629999999
5fha_HL_clean,43.3562900000001
5fhb_HL_clean,45.552162
5fuz_HL_clean,28.752668
5fxc_HH_clean,58.033721
5ggq_HL_clean,31.967962
5ggs_CD_clean,43.795503
5ggt_HL_clean,35.918927
5ggu_AB_clean,43.418923
5ggv_HL_clean,39.709606
5ghw_HL_clean,69.06912
5gir_AB_clean,33.739723
5gis_HL_clean,33.711326
5gjs_HL_clean,41.95167
5gkr_AB_clean,34.332123
5gks_AB_clean,33.003875
5gmq_BC_clean,34.274224
5gru_LL_clean,78.941769
5grv_LK_clean,56.90491
5grw_AA_clean,85.9847529999999
5grx_GG_clean,85.621319
5gry_AA_clean,89.989806
5grz_GG_clean,84.1729869999998
5gs1_II_clean,82.378063
5gs3_HH_clean,85.236061
5gz0_DC_clean,37.053966
5gzo_CD_clean,21.633096
5h2b_AB_clean,34.47211
5h35_HI_clean,63.777137
5hbt_DC_clean,37.5054439999999
5hbv_DC_clean,39.298355
5hdq_HL_clean,30.049415
5hhv_HL_clean,40.626709
5hi3_HL_clean,35.8248370000001
5hi4_CD_clean,33.98799
5hi5_HL_clean,36.2582289999999
5hpm_BA_clean,48.4221069999999
5hyq_BA_clean,46.06591
5hys_AB_clean,30.919471
5i15_HL_clean,37.968058
5i16_BA_clean,43.9768329999999
5i18_HL_clean,41.725764
5i19_HL_clean,35.455687
5i1a_BA_clean,39.601564
5i1c_HL_clean,42.627957
5i1d_BA_clean,37.6817549999999
5i1e_HL_clean,30.879153
5i1g_HL_clean,40.9304310000001
5i1h_HL_clean,33.912317
5i1i_HL_clean,43.629832
5i1j_HL_clean,38.594797
5i1k_HL_clean,33.734417
5i1l_HL_clean,34.556622
5i2i_DC_clean,45.657872
5i30_HL_clean,40.005879
5i4f_AA_clean,61.723802
5i66_AB_clean,30.677337
5i76_BA_clean,44.30359
5i8c_AB_clean,33.781057
5i8e_AB_clean,36.815264
5i8k_HL_clean,38.1937870000001
5i8o_HL_clean,39.055282
5ibt_HL_clean,35.8096860000001
5ibu_HL_clean,38.8855679999999
5icx_BA_clean,48.2622180000001
5icy_DC_clean,48.918571
5icz_DC_clean,48.65124
5id0_DC_clean,49.438625
5id1_BA_clean,46.377017
5ies_HL_clean,39.777915
5if0_AB_clean,45.6375599999999
5ifa_HL_clean,34.0147739999999
5ifh_HL_clean,43.9661869999999
5ifj_JK_clean,38.50982
5ig7_GH_clean,37.545378
5ihu_HL_clean,25.552845
5ihz_EF_clean,39.669975
5iie_AB_clean,50.253321
5ijk_AC_clean,43.518125
5ijv_HL_clean,32.906154
5ik3_CD_clean,36.635241
5ikc_BA_clean,30.056167
5ilt_HL_clean,27.172632
5iop_BA_clean,48.898394
5iq9_AB_clean,56.856672
5ir1_BA_clean,48.87554
5it2_HL_clean,36.750931
5itb_HL_clean,46.4960289999999
5itf_BA_clean,47.817127
5iv2_BA_clean,49.9611769999999
5ivz_BA_clean,49.110981
5iwl_AA_clean,79.7042440000001
5j13_CB_clean,46.718541
5j74_AA_clean,75.634195
5j75_BB_clean,69.6101459999999
5j9p_AB_clean,41.380313
5jo4_AB_clean,54.9749570000001
5jo5_AB_clean,41.075844
5jq6_HL_clean,49.8644659999999
5jqd_CB_clean,55.642658
5jr1_HL_clean,47.759781
5jrp_HL_clean,44.906618
5jue_HL_clean,52.592287
5jw5_AB_clean,28.9922730000001
5jxa_HL_clean,64.960257
5jxe_GF_clean,49.721169
5jyl_DD_clean,51.037503
5jym_DD_clean,65.3148420000001
5k59_EF_clean,23.910999
5k8a_VM_clean,35.347953
5k9j_HL_clean,40.8694930000001
5k9k_HL_clean,43.1816970000001
5kg9_AB_clean,41.855347
5kjr_HL_clean,39.6936339999999
5kmv_EI_clean,34.3877169999999
5kn5_DE_clean,52.0534620000001
5kvd_HL_clean,40.965549
5kve_HL_clean,42.1506779999999
5kvf_HL_clean,29.450797
5kvg_HL_clean,30.214835
5kw9_HL_clean,39.582189
5kzp_FJ_clean,51.7588800000001
5l0q_CB_clean,35.043818
5l6y_HL_clean,57.271756
5l7x_HL_clean,30.443813
5l88_HL_clean,31.739271
5l9d_HL_clean,32.5224
5lbs_HL_clean,60.1169399999999
5lcv_HL_clean,40.7527110000001
5ldn_HL_clean,50.9787269999999
5lgh_HL_clean,30.443552
5lqb_HL_clean,45.143937
5lsp_HL_clean,44.928076
5lwy_HL_clean,51.063644
5lx9_HH_clean,52.4725880000001
5lxg_HL_clean,49.008854
5m63_HL_clean,42.78881
5mes_HL_clean,39.0829320000001
5mev_HL_clean,37.33694
5mhe_HL_clean,50.097696
5mhg_HL_clean,51.124143
5mi0_BC_clean,65.05504
5mo3_HL_clean,32.7977739999999
5mo9_HL_clean,52.641323
5mp3_AB_clean,33.441846
5mp5_AB_clean,38.65071
5mp6_HL_clean,36.112818
5mth_AB_clean,30.254115
5mu0_IJ_clean,43.0830850000001
5mu2_AB_clean,44.905299
5muq_HL_clean,43.776679
5mv3_CD_clean,43.995916
5mv4_IJ_clean,42.5642950000001
5mvj_HL_clean,34.9862559999999
5mvz_HL_clean,35.850644
5mx3_AB_clean,33.53655
5my4_BA_clean,63.801633
5myk_BA_clean,64.539376
5myo_DC_clean,54.396373
5myx_BA_clean,54.56085
5n2k_LK_clean,38.276424
5n4g_HL_clean,43.281623
5n4j_HL_clean,31.0279849999999
5n7b_HH_clean,51.105309
5n7w_HL_clean,47.99741
5nbi_HL_clean,38.8033559999999
5nbw_HL_clean,40.910028
5ngv_HL_clean,45.620403
5nh3_IM_clean,48.955397
5nhw_HL_clean,40.57289
5niv_BA_clean,41.950158
5nmv_HL_clean,37.160878
5nph_HL_clean,39.828881
5npi_AA_clean,53.012249
5npj_AA_clean,53.413452
5nuz_HL_clean,41.9635959999999
5nyx_MN_clean,29.180277
5o14_CD_clean,32.232547
5o1r_HL_clean,29.28886
5ob5_HL_clean,30.658929
5obf_HL_clean,55.813262
5oca_HL_clean,54.848888
5occ_HL_clean,43.632399
5ock_HL_clean,38.779104
5ocx_HL_clean,38.524108
5ocy_HL_clean,49.5379819999999
5od0_HL_clean,51.593376
5od8_AB_clean,45.269023
5odb_AB_clean,46.622201
5ogi_BB_clean,39.580344
5otj_HL_clean,50.0645590000001
5owp_HH_clean,53.809092
5sx4_HL_clean,30.261065
5sx5_JK_clean,29.258226
5sy8_HL_clean,72.085472
5szf_HL_clean,41.717326
5t1k_BA_clean,47.580305
5t1l_DC_clean,46.937726
5t1m_DC_clean,49.512041
5t29_HL_clean,64.2537159999999
5t4z_AB_clean,46.1122909999999
5t5b_AB_clean,74.5877300000001
5t5f_HL_clean,49.7684410000001
5t6l_AB_clean,76.8199349999999
5t6p_DC_clean,48.2043479999999
5t78_BA_clean,49.8514819999999
5t80_HL_clean,70.084042
5t85_HL_clean,71.733988
5tbd_EF_clean,48.0784079999999
5tdn_DC_clean,38.344808
5tdo_BA_clean,34.387385
5tdp_DC_clean,37.8158749999999
5te4_HL_clean,37.1352190000001
5te6_HL_clean,35.0294740000001
5te7_HL_clean,33.9539250000001
5tf1_HL_clean,46.5305159999999
5tfs_HL_clean,40.6687019999999
5tfw_HL_clean,72.4047140000002
5tgb_HL_clean,44.175824
5th2_DC_clean,46.207699
5th9_IM_clean,37.929334
5tih_HL_clean,27.518094
5tjd_HL_clean,35.989859
5tkj_JK_clean,58.700999
5tkk_HL_clean,26.439944
5tl5_HL_clean,39.56217
5tlk_BA_clean,40.8890700000001
5tpl_HL_clean,45.7206830000001
5tpp_HL_clean,55.495897
5tpw_HL_clean,36.481052
5tq0_HL_clean,36.300561
5tqa_HL_clean,40.214308
5tr8_HL_clean,37.714614
5trp_HL_clean,43.8477450000001
5tz2_HL_clean,48.55153
5tzt_HL_clean,46.156803
5tzu_HL_clean,41.632338
5u15_AB_clean,52.622951
5u3d_BA_clean,42.499289
5u3j_HL_clean,54.7363419999999
5u3k_AB_clean,64.185394
5u3l_HL_clean,61.8396269999999
5u3m_HL_clean,81.826972
5u3n_HL_clean,79.636648
5u3o_HL_clean,60.2261160000001
5u3p_HL_clean,53.874939
5u4r_HL_clean,46.186841
5u5f_BA_clean,46.256672
5u5m_BA_clean,46.053794
5u6a_BA_clean,46.1643299999999
5uby_HL_clean,34.198869
5ubz_HL_clean,37.298841
5ucb_HL_clean,51.057555
5ud9_HL_clean,52.3659370000001
5uea_HL_clean,43.341729
5uek_HL_clean,47.28396
5uel_HL_clean,48.221409
5uem_HL_clean,47.0676490000001
5ugy_IM_clean,49.884616
5uix_HL_clean,39.27978
5ukn_HL_clean,41.1456710000001
5uko_HL_clean,49.5650740000001
5ukp_HL_clean,48.9054129999999
5ukq_HL_clean,50.775929
5ukr_HL_clean,47.915912
5umn_EF_clean,41.16921
5ur8_AB_clean,31.01573
5ush_DE_clean,53.188034
5usi_HL_clean,44.867143
5usl_HL_clean,46.4329089999999
5utz_FG_clean,34.628364
5uxq_HL_clean,34.85891
5uy3_AB_clean,41.962716
5v6l_IM_clean,41.622594
5v6m_HL_clean,48.677799
5v7j_DE_clean,91.1337059999999
5v7r_HL_clean,31.406741
5v7u_HL_clean,27.914949
5vag_CB_clean,36.004673
5vco_BA_clean,47.290069
5veb_HL_clean,22.154781
5vf2_AA_clean,62.6492009999999
5vf6_AA_clean,34.8050140000001
5vga_BA_clean,35.175755
5vh3_HL_clean,51.919711
5vh4_AB_clean,48.970241
5vjo_AB_clean,32.747841
5vjq_CD_clean,32.525951
5vk6_AB_clean,41.9460509999999
5vkd_HL_clean,41.804069
5vke_AB_clean,44.29357
5vkh_AB_clean,42.983348
5vkk_HL_clean,27.9243059999999
5vlp_HL_clean,38.63998
5vpg_DC_clean,48.65326
5vph_DC_clean,48.466497
5vpl_DC_clean,48.3800080000001
5vr9_AB_clean,36.284425
5vsh_CD_clean,50.7357250000001
5vsi_HL_clean,24.836586
5vta_KJ_clean,45.600704
5vvf_HL_clean,59.37936
5vxr_HL_clean,41.7334710000001
5vyf_BA_clean,36.2097499999999
5vz1_BA_clean,58.64822
5vzr_HL_clean,50.352996
5vzx_HL_clean,34.652326
5vzy_HL_clean,43.410762
5w05_HL_clean,46.499309
5w06_HL_clean,56.197741
5w08_KL_clean,47.6225620000001
5w0d_BC_clean,37.664255
5w1g_HL_clean,50.1287059999999
5w24_HL_clean,39.854784
5w2b_HL_clean,40.7580870000001
5w3e_EG_clean,76.8365780000001
5w3l_EG_clean,76.7714660000001
5w3m_EG_clean,80.0345479999999
5w3p_HL_clean,31.452956
5w5x_HL_clean,36.849164
5w5z_HL_clean,36.380655
5w6c_HL_clean,44.609791
5w6g_HL_clean,44.1882479999999
5waw_HL_clean,59.282157
5wb9_HL_clean,49.1001739999999
5wca_HL_clean,35.8462680000001
5wcc_AB_clean,36.165693
5wcd_HL_clean,48.924213
5weq_BA_clean,46.9052220000001
5whj_HL_clean,49.15599
5whk_HL_clean,48.953008
5wi9_HL_clean,44.1092220000001
5wk2_HL_clean,50.9239310000001
5wk3_WV_clean,46.526521
5wkz_HL_clean,41.979581
5wl2_HL_clean,54.870575
5wn9_HH_clean,69.6768150000001
5wnb_HL_clean,45.096055
5wt9_HL_clean,33.4988070000001
5wtg_BA_clean,40.238685
5wtt_AB_clean,53.48423
5wuv_HL_clean,49.203766
5wux_CD_clean,49.082711
5wym_AA_clean,71.382295
5x08_HL_clean,34.826975
5x0t_AB_clean,33.105774
5x4g_AB_clean,31.0071740000001
5x5x_HL_clean,56.96568
5x8m_BC_clean,44.32884
5xaj_EC_clean,53.523419
5xcq_AB_clean,48.903371
5xcr_AB_clean,50.7987839999999
5xcs_AB_clean,27.910868
5xct_AB_clean,48.152865
5xcu_DE_clean,30.527468
5xcv_AB_clean,35.571453
5xcx_AB_clean,42.8004680000001
5xhg_DC_clean,36.979685
5xj4_HL_clean,52.455848
5xku_CB_clean,22.143575
5xli_ca_clean,62.570401
5xmh_HL_clean,48.3885649999999
5xrq_HL_clean,33.462222
5xwd_HD_clean,62.4149800000001
5xxy_HL_clean,42.69495
5y11_AB_clean,41.387142
5y2k_EF_clean,61.8266
5y2l_IJ_clean,53.161958
5y9j_HL_clean,50.5768
5y9k_HL_clean,44.755351
5yax_AA_clean,40.828293
5yd3_GG_clean,50.088379
5yd4_GG_clean,50.185728
5yd5_AA_clean,48.7780739999999
5ye4_AB_clean,30.7503500000001
5yfi_HL_clean,38.8689010000001
5yoy_PM_clean,58.339079
5ysl_GH_clean,42.0183899999999
5yup_HL_clean,43.618485
5ywf_DC_clean,44.667514
5yy4_AA_clean,53.53881
5yy5_HL_clean,62.2319640000001
5zia_GL_clean,42.790036
5zv3_HL_clean,31.179689
6a0x_GH_clean,43.294263
6a0z_HL_clean,39.715476
6a3w_JK_clean,63.4844720000001
6a67_CD_clean,39.419556
6a76_HL_clean,47.12336
6a77_HL_clean,40.377812
6a78_IM_clean,49.68898
6a79_HL_clean,50.7709080000001
6a9k_BA_clean,59.792343
6ad7_CD_clean,66.245024
6adb_CD_clean,65.452659
6al0_HL_clean,35.142166
6al4_BA_clean,41.4169250000001
6amj_HL_clean,41.599613
6amm_HL_clean,41.889002
6ana_HL_clean,28.9835759999999
6and_HL_clean,30.591305
6ani_IM_clean,39.197421
6anp_HL_clean,47.6848480000001
6aod_BA_clean,45.520629
6apc_HL_clean,52.554964
6aq7_HL_clean,36.053459
6arp_DC_clean,45.356073
6au5_DC_clean,47.668524
6avn_HL_clean,39.957808
6axk_AB_clean,58.79185
6axl_AB_clean,39.857662
6axp_DC_clean,48.783901
6ayn_BA_clean,45.479028
6ayz_BD_clean,50.364322
6az2_CE_clean,46.2002819999999
6azk_BA_clean,45.6596039999999
6azl_BA_clean,46.1705289999999
6azm_DC_clean,35.961792
6azx_CD_clean,54.496373
6azz_FE_clean,45.633979
6b08_CB_clean,51.2083410000001
6b0a_HL_clean,45.7112060000001
6b0g_DC_clean,42.403788
6b0h_DC_clean,33.0489269999999
6b0s_HL_clean,46.2534319999999
6b0w_HL_clean,49.065911
6b14_HL_clean,36.0192100000001
6b3d_HL_clean,48.929915
6b3k_HL_clean,35.761166
6b3s_CD_clean,52.3134490000001
6b5l_HL_clean,31.98216
6b5m_HL_clean,30.754352
6b5n_HL_clean,31.294257
6b5o_HL_clean,32.266944
6b5p_HL_clean,41.9271290000001
6b5r_HL_clean,39.755648
6b5s_HL_clean,41.6750160000001
6b5t_HL_clean,40.102165
6b6z_BA_clean,52.840248
6b9j_AB_clean,39.678342
6b9y_BA_clean,45.462856
6b9z_BA_clean,43.648758
6bae_BA_clean,46.300441
6bah_BA_clean,46.6085329999999
6bb4_IM_clean,37.011099
6bck_HL_clean,38.171279
6be2_HL_clean,43.073419
6be3_HL_clean,43.191594
6be4_HL_clean,42.5147989999999
6bf4_BC_clean,42.889341
6bfq_HL_clean,25.926669
6bfs_HL_clean,25.792819
6bft_AB_clean,40.653898
6bgt_BA_clean,35.451036
6bhz_IM_clean,32.589181
6bi0_HL_clean,33.0090029999999
6bi2_HL_clean,29.4108000000001
6bit_JL_clean,51.246949
6bkb_HL_clean,35.985606
6bkc_HL_clean,46.9859040000001
6bla_HL_clean,49.223865
6blh_HL_clean,44.722433
6bli_DE_clean,40.239185
6bpa_EF_clean,49.4036030000001
6bpb_AB_clean,39.1611660000001
6bpc_BC_clean,41.794922
6bpd_AB_clean,70.1839389999999
6bqb_HL_clean,46.236693
6by2_AB_clean,42.806046
6by3_AB_clean,41.644664
6bzu_GH_clean,36.033793
6bzv_CD_clean,41.602284
6bzw_CD_clean,44.418716
6bzy_HL_clean,56.1839119999999
6c5h_HL_clean,58.840354
6c5i_HL_clean,61.505988
6c5j_HL_clean,50.0994890000001
6c5k_HL_clean,51.190832
6c6x_EF_clean,27.872486
6c6z_HL_clean,53.1718119999999
6c9u_HL_clean,59.766283
6ca6_HL_clean,51.851062
6ca7_HL_clean,47.808794
6ca9_DC_clean,35.75493
6cbj_HL_clean,50.14832
6cbp_AA_clean,56.877571
6cbv_HL_clean,38.235358
6cdm_AB_clean,58.3189840000001
6cdo_AB_clean,51.046684
6cdp_AB_clean,52.676986
6cez_HL_clean,52.2623209999999
6cjk_BA_clean,47.262031
6ck9_HL_clean,60.186181
6cmg_CB_clean,41.874549
6cmi_DC_clean,38.2280970000001
6cnr_HL_clean,30.26768
6co3_HL_clean,27.4914030000001
6cr1_HL_clean,41.436379
6crk_HH_clean,57.886069
6ct7_HL_clean,46.8022130000001
6cvk_AA_clean,44.0467090000001
6cw2_AB_clean,55.5408010000001
6cw3_CD_clean,57.504509
6cxg_HL_clean,57.8715820000001
6cyf_FE_clean,45.147976
6d0x_AB_clean,47.8910890000001
6d2p_HL_clean,37.530636
6db5_HL_clean,37.714673
6db6_HL_clean,46.571587
6db7_IM_clean,49.083439
6db8_HL_clean,31.829937
6db9_HL_clean,38.106387
6dc4_HL_clean,53.1941250000001
6dc7_HL_clean,58.075489
6dc8_HL_clean,54.686472
6dc9_HL_clean,27.231546
6dca_JN_clean,41.4759950000001
6dcv_HL_clean,33.66255
6dcw_HL_clean,31.491294
6ddm_BA_clean,47.242907
6ddr_BA_clean,36.48231
6ddv_BA_clean,42.5076249999999
6df0_HL_clean,34.808463
6df1_HL_clean,30.298126
6df2_HL_clean,30.917294
6dfi_HL_clean,40.711979
6dfj_HL_clean,44.1589709999999
6dg2_AB_clean,35.3784900000001
6dkj_HL_clean,38.7369720000001
6dla_HL_clean,52.2187450000001
6dlb_HL_clean,49.488896
6dn0_AB_clean,54.105161
6dsi_AA_clean,60.462218
6dw2_BA_clean,41.294136
6dwc_HL_clean,35.6771800000001
6dwi_FE_clean,34.748384
6dzn_HL_clean,58.24438
6dzr_HL_clean,39.240153
6e3h_HL_clean,56.545184
6e4x_ZY_clean,49.024426
6e4y_HL_clean,47.770211
6e4z_HL_clean,44.358573
6e56_GI_clean,40.148264
6e62_HL_clean,45.890777
6e63_HL_clean,37.1258529999999
6e65_HL_clean,43.421404
6e9g_AB_clean,32.18212
6e9h_AB_clean,28.969223
6e9i_CD_clean,38.713877
6e9k_AB_clean,31.497133
6e9u_AB_clean,40.509802
6ehv_XX_clean,50.436554
6ehw_BB_clean,54.405633
6ehx_BB_clean,61.363055
6ehy_BB_clean,56.552057
6ejg_DD_clean,56.2299219999999
6ejm_II_clean,68.840494
6ek2_HH_clean,46.140501
6ele_HL_clean,31.1445360000001
6elj_HL_clean,31.793798
6ell_HL_clean,31.102449
6elu_KL_clean,39.545223
6emj_AB_clean,39.200262
6erx_FG_clean,53.179281
6ev2_AB_clean,41.321157
6ewb_JK_clean,43.071261
6eyn_DC_clean,38.782723
6f7t_BA_clean,52.56838
6fab_HL_clean,40.1720399999999
6fax_HL_clean,29.890451
6fbj_HL_clean,42.776225
6ffj_EE_clean,52.42631
6fg1_HL_clean,31.307164
6fg2_IM_clean,34.711308
6fgb_HL_clean,51.735844
6fla_HL_clean,37.6087
6flb_HL_clean,37.579997
6flc_BA_clean,28.306204
6foe_AB_clean,38.832832
6frj_HH_clean,51.8465779999999
6fxn_DE_clean,51.4610609999999
6fy0_IM_clean,47.224819
6fy2_XY_clean,46.632665
6fy3_HL_clean,52.764069
6fzq_HH_clean,53.891118
6fzr_HH_clean,53.088939
6g8r_AA_clean,55.7832250000001
6gc2_HL_clean,26.245416
6gfe_HL_clean,30.145377
6ghg_HL_clean,40.43028
6gk7_HL_clean,35.9533439999999
6gk8_HL_clean,33.0308300000001
6gku_HL_clean,34.077747
6glw_HL_clean,42.7226050000001
6gv4_HL_clean,43.759099
6gxx_HL_clean,52.512346
6h06_EF_clean,33.2934130000001
6h0e_CD_clean,31.55375
6h2y_HL_clean,54.084653
6h3h_AB_clean,47.933232
6h3t_IM_clean,50.285344
6hf1_FE_clean,45.130781
6hhc_HL_clean,40.922828
6hig_HL_clean,43.315553
6hkg_AB_clean,43.1492120000001
6hxw_CD_clean,28.124327
6i07_BB_clean,76.252631
6i8s_GK_clean,35.531169
6i9i_HL_clean,33.707998
6iap_HL_clean,21.648908
6ias_HL_clean,20.956108
6icc_HL_clean,36.38161
6idg_HL_clean,46.405707
6idh_HL_clean,45.651048
6iea_HL_clean,42.3488729999999
6ieb_HL_clean,49.011318
6iek_BC_clean,48.428814
6igu_HL_clean,58.7405870000001
6iut_HL_clean,34.358522
6iuv_CD_clean,47.626274
6ivz_HL_clean,55.8513969999999
6iw2_HI_clean,53.110948
6j5d_HL_clean,36.182652
6j5f_HL_clean,37.054941
6j6y_BC_clean,45.858371
6j71_BB_clean,52.4244269999999
6jbt_HL_clean,51.0571
6jc2_HL_clean,47.766829
6jep_HL_clean,31.8999289999999
6k4z_AA_clean,52.177037
6k65_HL_clean,56.70918
6m87_JI_clean,38.359675
6me1_AB_clean,31.1296040000001
6med_GI_clean,34.370955
6mee_AB_clean,48.331424
6mef_HL_clean,32.1900419999999
6meg_HL_clean,47.250562
6meh_HL_clean,48.069158
6mei_HL_clean,36.3428319999999
6mej_HL_clean,36.132458
6mfj_HL_clean,34.263547
6mft_AB_clean,32.175112
6mg7_HL_clean,34.7773490000001
6mh2_BA_clean,39.721472
6mhr_DE_clean,59.9349239999999
6mi2_DE_clean,58.1328329999999
6ml8_HL_clean,41.177602
6mlk_HL_clean,49.8858260000001
6mnf_MK_clean,56.1882
6mnq_HL_clean,55.7162159999999
6mnr_HL_clean,52.0588119999999
6mns_AB_clean,53.26011
6mqc_AB_clean,72.3637459999999
6mqe_AB_clean,53.602397
6mqr_HL_clean,52.997383
6mqs_CD_clean,58.208454
6msy_HL_clean,61.104448
6mtj_HL_clean,59.277027
6mtn_HL_clean,60.181331
6mto_HL_clean,50.723402
6mtp_HL_clean,52.756655
6mtq_HL_clean,50.942323
6mtr_HL_clean,44.205934
6mts_HL_clean,55.4446479999999
6mtt_HL_clean,49.4425469999999
6mu3_HL_clean,59.2494269999999
6mu6_HL_clean,58.6223889999999
6mu7_HL_clean,58.252026
6mu8_HL_clean,58.885276
6mub_MK_clean,59.318558
6muf_DE_clean,74.584298
6mug_HL_clean,58.016429
6mv5_HL_clean,45.156286
6mwn_CD_clean,34.2379980000001
6mxr_AB_clean,38.768196
6mxs_AB_clean,41.2665809999999
6my4_AB_clean,35.8251700000001
6my5_AB_clean,45.056547
6n16_KJ_clean,55.277033
6n32_KM_clean,59.4736490000001
6n35_MK_clean,59.4332309999999
6n6b_KL_clean,34.070654
6n7u_AB_clean,37.295583
6n81_HL_clean,27.8638969999999
6nb8_HL_clean,35.1593209999999
6ncp_AB_clean,36.9146849999999
6nfu_AB_clean,43.49109
6nfv_AB_clean,43.237433
6nm6_DE_clean,69.828194
6nmr_AB_clean,51.588129
6nms_BA_clean,45.1121540000001
6nmt_BA_clean,39.184443
6nmu_BA_clean,43.508471
6nmv_HL_clean,41.8348400000001
6nnf_UV_clean,52.1734700000001
6nnj_UV_clean,69.0718499999998
6nou_AA_clean,72.795657
6nov_CD_clean,53.031228
6o39_BA_clean,39.652016
6o3a_BA_clean,44.42195
6o3b_GE_clean,45.0545120000001
6oan_BB_clean,56.450488
6obd_HL_clean,42.0047980000001
6obz_AB_clean,30.898644
6oc3_CD_clean,30.783708
6ocb_HL_clean,28.2074770000001
6ogx_CD_clean,24.110803
6okm_HL_clean,36.059484
6ol5_AB_clean,37.961909
6ol6_AB_clean,31.4017
6ol7_HL_clean,43.932841
6otc_HL_clean,52.004472
6oy4_DC_clean,44.18411
6pa0_AB_clean,42.3082410000001
6pcu_IH_clean,55.3957670000001
6pe7_HL_clean,40.06563
6pe8_HL_clean,37.676356
6phb_DC_clean,29.025586
6phc_AB_clean,58.86591
6phg_AB_clean,52.113195
6phh_CD_clean,64.077097
6pxg_CD_clean,41.763414
6pxh_CD_clean,41.606209
6qcu_HL_clean,27.969588
6qig_HL_clean,39.056433
6qn7_AB_clean,48.8982389999999
6qn8_GI_clean,58.871244
6qn9_HL_clean,44.91572
6qna_EF_clean,58.5231500000001
6qnk_DC_clean,54.7697150000001
6r8x_CB_clean,59.6977799999999
6rco_AB_clean,46.8289839999999
6rcq_AB_clean,51.711292
6rcs_AB_clean,48.1450829999999
6s5a_HL_clean,52.959817
6tyb_HL_clean,41.472622
6u1t_HL_clean,49.2711179999999
7fab_HL_clean,47.6986540000001
8fab_BA_clean,46.379587
